parent_domain,mean_ip,ip_size,industry,severity,%_patched,mean_time_to_patch,open_cves,closed_cves,total_cves
012global.com,47,medium,TELECOMMUNICATIONS,medium,100,119.33333333333333,0,3,3
100metros.pt,220,medium,UNKNOWN,high,0,null,56,0,56
100metros.pt,220,medium,UNKNOWN,medium,0,null,390,0,390
100metros.pt,220,medium,UNKNOWN,low,0,null,48,0,48
108agency.cz,8,small,INFORMATION_SERVICES,high,100,354.3333333333333,0,9,9
108agency.cz,8,small,INFORMATION_SERVICES,medium,100,293.44827586206895,0,29,29
108agency.cz,8,small,INFORMATION_SERVICES,low,100,133,0,1,1
1101.mx,21,small,TECHNOLOGY,medium,21.428571428571427,259.5,44,12,56
1101.mx,21,small,TECHNOLOGY,high,21.428571428571427,119,11,3,14
1101.mx,21,small,TECHNOLOGY,low,50,51,3,3,6
1212retailcobranding.be,3,small,INFORMATION_SERVICES,high,0,null,2,0,2
1212retailcobranding.be,3,small,INFORMATION_SERVICES,low,0,null,6,0,6
1212retailcobranding.be,3,small,INFORMATION_SERVICES,medium,0,null,36,0,36
13or-du-hiphop.fr,1,small,ENTERTAINMENT,low,0,null,1,0,1
13or-du-hiphop.fr,1,small,ENTERTAINMENT,medium,0,null,12,0,12
16bugs.com,5,small,UNKNOWN,low,0,null,3,0,3
16bugs.com,5,small,UNKNOWN,high,0,null,1,0,1
16bugs.com,5,small,UNKNOWN,medium,0,null,4,0,4
1800attorney.com,1,small,null,high,0,null,14,0,14
1800attorney.com,1,small,null,medium,0,null,63,0,63
1800attorney.com,1,small,null,low,0,null,11,0,11
189.com,1464,large,TECHNOLOGY,high,98.23008849557522,12.675675675675675,2,111,113
189.com,1464,large,TECHNOLOGY,low,93.47826086956522,24.162790697674417,3,43,46
189.com,1464,large,TECHNOLOGY,medium,98.2905982905983,28.39710144927536,6,345,351
1key.nl,1109,large,UNKNOWN,medium,0,null,245,0,245
1key.nl,1109,large,UNKNOWN,low,0,null,32,0,32
1key.nl,1109,large,UNKNOWN,high,0,null,39,0,39
1st-vision.de,9,small,UNKNOWN,medium,0,null,6,0,6
1st-vision.de,9,small,UNKNOWN,high,0,null,2,0,2
1st-vision.de,9,small,UNKNOWN,low,0,null,1,0,1
1stfiresolutions.co.uk,2,small,UNKNOWN,low,0,null,1,0,1
1stfiresolutions.co.uk,2,small,UNKNOWN,medium,0,null,6,0,6
211toronto.ca,3,small,HOSPITALITY,high,50,7,1,1,2
220-volt.ru,94,medium,RETAIL,high,14.285714285714286,52.2,30,5,35
220-volt.ru,94,medium,RETAIL,medium,5.714285714285714,70.75,66,4,70
2m-entsorgung.de,3,small,UNKNOWN,medium,0,null,10,0,10
2m-entsorgung.de,3,small,UNKNOWN,low,0,null,1,0,1
2x4.org,11,small,NON_PROFIT,low,0,null,2,0,2
2x4.org,11,small,NON_PROFIT,high,0,null,3,0,3
2x4.org,11,small,NON_PROFIT,medium,0,null,3,0,3
31415.com,4,small,TECHNOLOGY,low,97.29729729729729,34.47222222222222,3,108,111
31415.com,4,small,TECHNOLOGY,high,88.13559322033899,24.75,7,52,59
31415.com,4,small,TECHNOLOGY,medium,92.6829268292683,29.81578947368421,36,456,492
360doc.com,252,medium,TECHNOLOGY,high,50,25.4,35,35,70
360doc.com,252,medium,TECHNOLOGY,medium,50,26.532258064516128,62,62,124
360kid.com,9,small,ENTERTAINMENT,medium,0,null,2,0,2
360kid.com,9,small,ENTERTAINMENT,high,0,null,2,0,2
365world.com,35,medium,NON_PROFIT,medium,22.22222222222222,135,7,2,9
365world.com,35,medium,NON_PROFIT,low,0,null,1,0,1
3ants.com,4,small,TECHNOLOGY,high,100,172,0,3,3
3ants.com,4,small,TECHNOLOGY,medium,100,172,0,1,1
3dtotal.com,63,medium,INFORMATION_SERVICES,low,0,null,2,0,2
3dtotal.com,63,medium,INFORMATION_SERVICES,medium,10.344827586206897,407.3333333333333,26,3,29
3kaku.co.jp,3,small,UNKNOWN,medium,0,null,2,0,2
3kaku.co.jp,3,small,UNKNOWN,low,0,null,1,0,1
3mgpr.com,9,small,INFORMATION_SERVICES,high,50,92,2,2,4
3mgpr.com,9,small,INFORMATION_SERVICES,medium,50,92,2,2,4
3os.it,33,medium,RETAIL,low,33.333333333333336,182.5,4,2,6
3os.it,33,medium,RETAIL,high,30.76923076923077,182.5,9,4,13
3os.it,33,medium,RETAIL,medium,26.08695652173913,241.5,34,12,46
3phasesrenewables.com,40,medium,MANUFACTURING,low,36.36363636363637,50,7,4,11
3phasesrenewables.com,40,medium,MANUFACTURING,high,45.45454545454545,58.4,6,5,11
3phasesrenewables.com,40,medium,MANUFACTURING,medium,38.46153846153846,54.2,16,10,26
3sc.org,16,small,UNKNOWN,high,0,null,21,0,21
3sc.org,16,small,UNKNOWN,medium,0,null,100,0,100
3sc.org,16,small,UNKNOWN,low,0,null,2,0,2
3sixtydutyfree.com,4,small,TECHNOLOGY,low,100,7,0,1,1
3sixtydutyfree.com,4,small,TECHNOLOGY,medium,100,7,0,6,6
4afm.com,3,small,INFORMATION_SERVICES,medium,0,null,14,0,14
4afm.com,3,small,INFORMATION_SERVICES,low,0,null,2,0,2
4afm.com,3,small,INFORMATION_SERVICES,high,0,null,3,0,3
4farmers.com.au,3,small,MANUFACTURING,medium,100,243.33333333333334,0,3,3
4fx.co.uk,11,small,TECHNOLOGY,medium,100,184,0,142,142
4fx.co.uk,11,small,TECHNOLOGY,low,100,184,0,44,44
4fx.co.uk,11,small,TECHNOLOGY,high,100,184,0,11,11
5-minuten-app.de,3,small,UNKNOWN,medium,0,null,30,0,30
5-minuten-app.de,3,small,UNKNOWN,high,0,null,6,0,6
5pb.jp,374,medium,RETAIL,high,0,null,6,0,6
5pb.jp,374,medium,RETAIL,low,0,null,8,0,8
5pb.jp,374,medium,RETAIL,medium,0,null,40,0,40
5pointenterprises.com,191,medium,TECHNOLOGY,medium,100,103.43076923076923,0,65,65
5pointenterprises.com,191,medium,TECHNOLOGY,low,100,505.25,0,4,4
5pointenterprises.com,191,medium,TECHNOLOGY,high,100,81.66666666666667,0,3,3
6.cn,152,medium,TECHNOLOGY,low,75,51.666666666666664,4,12,16
6.cn,152,medium,TECHNOLOGY,medium,69.67213114754098,39.28235294117647,37,85,122
6.cn,152,medium,TECHNOLOGY,high,58.53658536585366,25.125,17,24,41
60seconds.com,34,medium,EDUCATION,high,0,null,2,0,2
60seconds.com,34,medium,EDUCATION,medium,33.333333333333336,27,2,1,3
60secondsnow.com,2383,large,INFORMATION_SERVICES,medium,19.128329297820823,61.49367088607595,334,79,413
60secondsnow.com,2383,large,INFORMATION_SERVICES,low,8.695652173913043,110.5,21,2,23
60secondsnow.com,2383,large,INFORMATION_SERVICES,high,22.950819672131146,64.46428571428571,94,28,122
721logistics.com,43,medium,PHARMACEUTICAL,high,19.23076923076923,126,21,5,26
721logistics.com,43,medium,PHARMACEUTICAL,medium,36.03603603603604,201.4,71,40,111
78percent.jp,973,medium,UNKNOWN,low,5.031446540880503,50.875,151,8,159
78percent.jp,973,medium,UNKNOWN,high,6.130268199233717,22.1875,245,16,261
78percent.jp,973,medium,UNKNOWN,medium,7.095343680709535,57.53125,838,64,902
7daystodie.com,10,small,ENTERTAINMENT,low,50,51,3,3,6
7daystodie.com,10,small,ENTERTAINMENT,medium,40,472.5,6,4,10
7daystodie.com,10,small,ENTERTAINMENT,high,50,51,1,1,2
7schoen.com,4,small,UNKNOWN,low,0,null,2,0,2
7schoen.com,4,small,UNKNOWN,high,0,null,6,0,6
7schoen.com,4,small,UNKNOWN,medium,0,null,8,0,8
84codes.com,77,medium,FINANCIAL_SERVICES,high,33.333333333333336,214,4,2,6
84codes.com,77,medium,FINANCIAL_SERVICES,medium,42.857142857142854,214,4,3,7
888lots.com,5,small,TECHNOLOGY,medium,0,null,20,0,20
888lots.com,5,small,TECHNOLOGY,low,0,null,2,0,2
888lots.com,5,small,TECHNOLOGY,high,0,null,2,0,2
88oct.co.jp,7,small,TECHNOLOGY,medium,100,29.5,0,12,12
88oct.co.jp,7,small,TECHNOLOGY,high,100,29.5,0,6,6
8digits.com,19,small,TECHNOLOGY,medium,77.77777777777777,175.28571428571428,2,7,9
8digits.com,19,small,TECHNOLOGY,low,100,71,0,1,1
8tracks.com,33,medium,ENTERTAINMENT,medium,100,40,0,1,1
8x8.vc,84,medium,ENERGY,medium,100,13.125,0,24,24
8x8.vc,84,medium,ENERGY,high,100,12.75,0,8,8
8x8.vc,84,medium,ENERGY,low,100,13.5,0,2,2
9gag.com,73,medium,INFORMATION_SERVICES,medium,100,94,0,4,4
9gag.com,73,medium,INFORMATION_SERVICES,high,null,null,0,0,0
a-hotel.com,5,small,TRANSPORTATION,medium,0,null,168,0,168
a-hotel.com,5,small,TRANSPORTATION,low,0,null,12,0,12
a-hotel.com,5,small,TRANSPORTATION,high,0,null,76,0,76
abcfws.com,1498,large,FOOD,high,0,null,3,0,3
abcfws.com,1498,large,FOOD,medium,0,null,6,0,6
abcfws.com,1498,large,FOOD,low,0,null,1,0,1
abcmart.co.kr,77,medium,RETAIL,high,33.333333333333336,28.25,8,4,12
abcmart.co.kr,77,medium,RETAIL,medium,53.153153153153156,48.220338983050844,52,59,111
abcnet.ru,392,medium,UNKNOWN,medium,0,null,2,0,2
abcnet.ru,392,medium,UNKNOWN,high,0,null,2,0,2
abcsoft.be,7,small,TECHNOLOGY,medium,0,null,10,0,10
abcsoft.be,7,small,TECHNOLOGY,high,0,null,2,0,2
abdali.jo,7,small,CONSTRUCTION,medium,null,null,0,0,0
abdali.jo,7,small,CONSTRUCTION,high,null,null,0,0,0
abdali.jo,7,small,CONSTRUCTION,low,null,null,0,0,0
abena-frantex.fr,51,medium,MANUFACTURING,medium,100,124.33333333333333,0,6,6
abenvirowaste.com,2,small,ENERGY,low,100,7,0,3,3
abenvirowaste.com,2,small,ENERGY,medium,100,7,0,18,18
abenvirowaste.com,2,small,ENERGY,high,100,7,0,1,1
abm-com.de,15,small,TECHNOLOGY,low,46.15384615384615,75.33333333333333,7,6,13
abm-com.de,15,small,TECHNOLOGY,high,48.888888888888886,62.90909090909091,23,22,45
abm-com.de,15,small,TECHNOLOGY,medium,55.172413793103445,43.291666666666664,39,48,87
abmis.ca,549,medium,TECHNOLOGY,low,57.142857142857146,197,3,4,7
abmis.ca,549,medium,TECHNOLOGY,medium,64.61538461538461,161.45238095238096,23,42,65
abmis.ca,549,medium,TECHNOLOGY,high,50,169.85714285714286,7,7,14
abshipping.com,2,small,UNKNOWN,medium,0,null,4,0,4
abt.eu,269,medium,TECHNOLOGY,medium,100,175.5,0,6,6
abta.org,62,medium,NON_PROFIT,medium,90.9090909090909,62.2,1,10,11
abta.org,62,medium,NON_PROFIT,high,100,71,0,1,1
abta.org,62,medium,NON_PROFIT,low,100,49,0,7,7
abus-sc.de,3,small,ENERGY,medium,100,42.5,0,10,10
abus-sc.de,3,small,ENERGY,high,100,42.5,0,2,2
ac-nancy-metz.fr,3605,large,EDUCATION,low,58.490566037735846,107.87096774193549,22,31,53
ac-nancy-metz.fr,3605,large,EDUCATION,high,64.17910447761194,154.1782945736434,72,129,201
ac-nancy-metz.fr,3605,large,EDUCATION,medium,55.87248322147651,139.19819819819818,263,333,596
acacia-avenue.com,2,small,INFORMATION_SERVICES,high,0,null,1,0,1
acacia-avenue.com,2,small,INFORMATION_SERVICES,low,0,null,3,0,3
acacia-avenue.com,2,small,INFORMATION_SERVICES,medium,0,null,13,0,13
acadiasoft.net,54,medium,INFORMATION_SERVICES,medium,11.11111111111111,7,16,2,18
acadiasoft.net,54,medium,INFORMATION_SERVICES,high,11.11111111111111,7,16,2,18
acala.network,29,small,UNKNOWN,medium,0,null,2,0,2
acala.network,29,small,UNKNOWN,high,0,null,2,0,2
accelerasolutions.com,96,medium,INFORMATION_SERVICES,medium,20,213,4,1,5
accelerasolutions.com,96,medium,INFORMATION_SERVICES,high,0,null,1,0,1
accelerasolutions.com,96,medium,INFORMATION_SERVICES,low,0,null,3,0,3
acceletronics.com,25,small,HEALTHCARE,medium,100,92,0,5,5
accesshardware.com.au,25,small,MANUFACTURING,low,100,7,0,1,1
accesshardware.com.au,25,small,MANUFACTURING,medium,100,28.625,0,8,8
accessprintingsolutions.com,3,small,UNKNOWN,high,0,null,11,0,11
accessprintingsolutions.com,3,small,UNKNOWN,low,0,null,2,0,2
accessprintingsolutions.com,3,small,UNKNOWN,medium,0,null,19,0,19
accesssolutions.net,1,small,FINANCIAL_SERVICES,low,0,null,1,0,1
accesssolutions.net,1,small,FINANCIAL_SERVICES,medium,0,null,6,0,6
accorcareers.fi,633,medium,HOSPITALITY,medium,37.06176961602671,114.8018018018018,377,222,599
accorcareers.fi,633,medium,HOSPITALITY,high,39.726027397260275,183.48275862068965,44,29,73
accorcareers.fi,633,medium,HOSPITALITY,low,29.62962962962963,90.5,76,32,108
accordhotelarena.com,1220,large,HOSPITALITY,high,35.43307086614173,154.17777777777778,82,45,127
accordhotelarena.com,1220,large,HOSPITALITY,low,32.231404958677686,79.2051282051282,82,39,121
accordhotelarena.com,1220,large,HOSPITALITY,medium,37.65182186234818,106.91397849462365,462,279,741
accorhotels.me,1223,large,TECHNOLOGY,high,36,154.17777777777778,80,45,125
accorhotels.me,1223,large,TECHNOLOGY,medium,38.80389429763561,106.91397849462365,440,279,719
accorhotels.me,1223,large,TECHNOLOGY,low,32.231404958677686,79.2051282051282,82,39,121
accuswissinc.com,10,small,MANUFACTURING,medium,0,null,14,0,14
accuswissinc.com,10,small,MANUFACTURING,high,0,null,1,0,1
acda.org,17,small,NON_PROFIT,medium,100,123,0,1,1
acea.it,35,medium,TECHNOLOGY,medium,46.666666666666664,25.142857142857142,8,7,15
acea.it,35,medium,TECHNOLOGY,high,0,null,5,0,5
acegiken.co.jp,7,small,GOVERNMENT,medium,100,7,0,28,28
acegiken.co.jp,7,small,GOVERNMENT,high,100,7,0,2,2
acegiken.co.jp,7,small,GOVERNMENT,low,100,7,0,6,6
acegroup.co.jp,5,small,UNKNOWN,high,0,null,2,0,2
acegroup.co.jp,5,small,UNKNOWN,medium,0,null,16,0,16
acegroup.co.jp,5,small,UNKNOWN,low,0,null,4,0,4
acell.com,29,small,HEALTHCARE,medium,2.4390243902439024,58,80,2,82
acell.com,29,small,HEALTHCARE,high,0,null,60,0,60
acell.com,29,small,HEALTHCARE,low,0,null,16,0,16
aceoldfields.com,3,small,MANUFACTURING,medium,100,91,0,1,1
acerinox.com,10,small,MANUFACTURING,low,100,7,0,5,5
acerinox.com,10,small,MANUFACTURING,high,100,7,0,15,15
acerinox.com,10,small,MANUFACTURING,medium,100,7,0,53,53
achain.com,23,small,TECHNOLOGY,medium,0,null,1,0,1
achh.org,6,small,ENTERTAINMENT,medium,100,140.66666666666666,0,3,3
aciesglobal.com,10,small,TELECOMMUNICATIONS,low,100,8,0,1,1
aciesglobal.com,10,small,TELECOMMUNICATIONS,medium,100,25.6,0,5,5
ackermans.co.za,54,medium,UNKNOWN,low,0,null,4,0,4
ackermans.co.za,54,medium,UNKNOWN,medium,0,null,35,0,35
ackermans.co.za,54,medium,UNKNOWN,high,0,null,5,0,5
aclu-il.org,51,medium,NON_PROFIT,low,100,7,0,1,1
aclu-il.org,51,medium,NON_PROFIT,medium,100,18.25,0,8,8
acmemediallc.com,521,medium,FINANCIAL_SERVICES,high,0,null,1,0,1
acmemediallc.com,521,medium,FINANCIAL_SERVICES,medium,80,72,1,4,5
acmemediallc.com,521,medium,FINANCIAL_SERVICES,low,33.333333333333336,72,2,1,3
aco.nl,10,small,UNKNOWN,medium,0,null,9,0,9
aco.nl,10,small,UNKNOWN,low,0,null,1,0,1
aco.nl,10,small,UNKNOWN,high,0,null,2,0,2
acora.com,8208,large,TECHNOLOGY,high,0,null,3,0,3
acora.com,8208,large,TECHNOLOGY,medium,0,null,12,0,12
acora.com,8208,large,TECHNOLOGY,low,0,null,1,0,1
acornhorticulture.com,3,small,UNKNOWN,medium,0,null,2,0,2
acp-textiles.com,866,medium,UNKNOWN,medium,0,null,509,0,509
acp-textiles.com,866,medium,UNKNOWN,high,0,null,65,0,65
acp-textiles.com,866,medium,UNKNOWN,low,0,null,112,0,112
acrartex.com,32,medium,RETAIL,medium,16.666666666666668,65.5,10,2,12
acrartex.com,32,medium,RETAIL,high,0,null,14,0,14
acsindustria.com,125,medium,MANUFACTURING,high,23.076923076923077,245,10,3,13
acsindustria.com,125,medium,MANUFACTURING,medium,19.25925925925926,230.65384615384616,109,26,135
acsindustria.com,125,medium,MANUFACTURING,low,25,230.4,15,5,20
actransit.org,358,medium,TRANSPORTATION,low,66.66666666666667,521.9,5,10,15
actransit.org,358,medium,TRANSPORTATION,high,78.57142857142857,407.04545454545456,6,22,28
actransit.org,358,medium,TRANSPORTATION,medium,71.54471544715447,473.57954545454544,35,88,123
acurata.de,7,small,MANUFACTURING,high,0,null,2,0,2
acurata.de,7,small,MANUFACTURING,medium,8.333333333333334,801,11,1,12
acutran.com,7,small,TRANSPORTATION,medium,15.384615384615385,228.5,11,2,13
acutran.com,7,small,TRANSPORTATION,low,0,null,2,0,2
acutran.com,7,small,TRANSPORTATION,high,0,null,3,0,3
adbank.net,7,small,TECHNOLOGY,low,100,364,0,7,7
adbank.net,7,small,TECHNOLOGY,medium,98.50746268656717,395.93939393939394,2,132,134
adbank.net,7,small,TECHNOLOGY,high,100,422.8627450980392,0,51,51
adcomm.com,13,small,TELECOMMUNICATIONS,high,20,7,4,1,5
adcomm.com,13,small,TELECOMMUNICATIONS,low,100,7,0,3,3
adcomm.com,13,small,TELECOMMUNICATIONS,medium,75,7,6,18,24
adcorp.co.za,59,medium,INFORMATION_SERVICES,medium,50,158.71428571428572,7,7,14
adcorp.co.za,59,medium,INFORMATION_SERVICES,high,0,null,2,0,2
adectec.com,2,small,UNKNOWN,high,0,null,5,0,5
adectec.com,2,small,UNKNOWN,low,0,null,26,0,26
adectec.com,2,small,UNKNOWN,medium,0,null,150,0,150
adeka.co.jp,9,small,INFORMATION_SERVICES,high,100,7,0,1,1
aderonline.com,7,small,TRANSPORTATION,medium,100,409.5,0,4,4
adl.co,255,medium,UNKNOWN,high,0,null,6,0,6
adl.co,255,medium,UNKNOWN,medium,0,null,18,0,18
adm-vids.info,60,medium,ENTERTAINMENT,high,100,151,0,4,4
adm-vids.info,60,medium,ENTERTAINMENT,medium,100,179.33333333333334,0,6,6
admatic.com.tr,307,medium,INFORMATION_SERVICES,low,12.5,49,14,2,16
admatic.com.tr,307,medium,INFORMATION_SERVICES,medium,25.748502994011975,98.93023255813954,124,43,167
admatic.com.tr,307,medium,INFORMATION_SERVICES,high,28.571428571428573,7,5,2,7
adpearance.com,109,medium,TECHNOLOGY,high,4.761904761904762,180,20,1,21
adpearance.com,109,medium,TECHNOLOGY,medium,5.045871559633028,180,207,11,218
adrenalinesports.ca,8,small,TRANSPORTATION,medium,100,53,0,4,4
adsdyes.com,1,small,TECHNOLOGY,high,100,61.5,0,4,4
adsdyes.com,1,small,TECHNOLOGY,low,100,61.5,0,10,10
adsdyes.com,1,small,TECHNOLOGY,medium,100,61.5,0,50,50
adultblogranking.com,7,small,INFORMATION_SERVICES,medium,0,null,107,0,107
adultblogranking.com,7,small,INFORMATION_SERVICES,high,0,null,30,0,30
adultblogranking.com,7,small,INFORMATION_SERVICES,low,0,null,20,0,20
advance.ai,16,small,TECHNOLOGY,high,0,null,9,0,9
advance.ai,16,small,TECHNOLOGY,low,100,7,0,2,2
advance.ai,16,small,TECHNOLOGY,medium,50,7,12,12,24
advancebiollc.com,70,medium,UNKNOWN,low,0,null,2,0,2
advancebiollc.com,70,medium,UNKNOWN,medium,0,null,14,0,14
advancedfreight.com.au,141,medium,UNKNOWN,medium,0,null,3,0,3
advancedfreight.com.au,141,medium,UNKNOWN,high,0,null,2,0,2
advancedspecialtyhospitals.com,37,medium,HEALTHCARE,high,100,214,0,6,6
advancedspecialtyhospitals.com,37,medium,HEALTHCARE,medium,100,290.46153846153845,0,26,26
advancedspecialtyhospitals.com,37,medium,HEALTHCARE,low,100,214,0,4,4
advantec.it,22,small,UNKNOWN,high,0,null,3,0,3
advantec.it,22,small,UNKNOWN,medium,0,null,8,0,8
advantec.it,22,small,UNKNOWN,low,0,null,1,0,1
advantiscredit.co.uk,7,small,FINANCIAL_SERVICES,high,100,7,0,2,2
advantiscredit.co.uk,7,small,FINANCIAL_SERVICES,medium,100,7,0,29,29
advantiscredit.co.uk,7,small,FINANCIAL_SERVICES,low,100,7,0,5,5
advarra.com,36,medium,PHARMACEUTICAL,medium,6.666666666666667,51,14,1,15
advarra.com,36,medium,PHARMACEUTICAL,high,75,51,1,3,4
advicegames.com,8,small,MANUFACTURING,low,100,113,0,1,1
advicegames.com,8,small,MANUFACTURING,medium,100,300.3333333333333,0,9,9
advicegames.com,8,small,MANUFACTURING,high,100,113,0,2,2
advisorsexcel.com,121,medium,RETAIL,medium,4.790419161676646,173.375,159,8,167
advisorsexcel.com,121,medium,RETAIL,high,10.144927536231885,383.2857142857143,62,7,69
advisorsexcel.com,121,medium,RETAIL,low,0,null,12,0,12
adwin.fr,38,medium,NON_PROFIT,low,50,13,1,1,2
adwin.fr,38,medium,NON_PROFIT,medium,82.92682926829268,163.88235294117646,7,34,41
adwin.fr,38,medium,NON_PROFIT,high,64.28571428571429,167,5,9,14
adworldmasters.com,9,small,TECHNOLOGY,high,100,27,0,2,2
adworldmasters.com,9,small,TECHNOLOGY,low,100,31,0,6,6
adworldmasters.com,9,small,TECHNOLOGY,medium,100,32.142857142857146,0,28,28
adz.com.br,3,small,ENTERTAINMENT,high,7.6923076923076925,7,12,1,13
adz.com.br,3,small,ENTERTAINMENT,medium,33.92857142857143,9.894736842105264,37,19,56
adz.com.br,3,small,ENTERTAINMENT,low,37.5,7,5,3,8
aegis.uk.com,1,small,TELECOMMUNICATIONS,medium,100,191,0,2,2
aeonthailand.biz,5,small,TECHNOLOGY,medium,100,544,0,1,1
aerostich.com,16,small,MANUFACTURING,low,0,null,3,0,3
aerostich.com,16,small,MANUFACTURING,medium,21.05263157894737,128.5,15,4,19
aerostich.com,16,small,MANUFACTURING,high,0,null,1,0,1
aetostech.com,44,medium,TECHNOLOGY,medium,100,801,0,1,1
afb.az,8,small,FINANCIAL_SERVICES,high,100,88,0,4,4
afb.az,8,small,FINANCIAL_SERVICES,low,100,68,0,6,6
afb.az,8,small,FINANCIAL_SERVICES,medium,100,136.52631578947367,0,38,38
affiliatelounge.com,14,small,HOSPITALITY,low,33.333333333333336,195,4,2,6
affiliatelounge.com,14,small,HOSPITALITY,medium,33.333333333333336,255.9090909090909,22,11,33
affiliatelounge.com,14,small,HOSPITALITY,high,33.333333333333336,195,6,3,9
affitto.it,2,small,MANUFACTURING,medium,25,51,3,1,4
affitto.it,2,small,MANUFACTURING,high,60,51,2,3,5
afgelhar.com,5,small,MANUFACTURING,medium,100,125,0,2,2
aflacni.com,1557,large,GOVERNMENT,medium,35.714285714285715,7,9,5,14
aflacni.com,1557,large,GOVERNMENT,low,100,7,0,1,1
aflacni.com,1557,large,GOVERNMENT,high,0,null,3,0,3
africansalescompany.co.za,17,small,RETAIL,medium,100,58,0,2,2
agap2.com,18,small,INFORMATION_SERVICES,medium,null,null,0,0,0
agar.io,17,small,TECHNOLOGY,high,84.21052631578948,151.375,3,16,19
agar.io,17,small,TECHNOLOGY,low,100,172,0,3,3
agar.io,17,small,TECHNOLOGY,medium,88.88888888888889,110.125,1,8,9
agatos.it,3,small,ENERGY,medium,100,209.66666666666666,0,6,6
agcnewtral.com,4,small,INFORMATION_SERVICES,medium,0,null,2,0,2
ageas.co.uk,178,medium,FINANCIAL_SERVICES,medium,100,508,0,4,4
agentura-gratis.cz,10,small,UNKNOWN,medium,0,null,6,0,6
agentura-gratis.cz,10,small,UNKNOWN,low,0,null,1,0,1
agilepartners.eu,7,small,FINANCIAL_SERVICES,high,13.333333333333334,212,13,2,15
agilepartners.eu,7,small,FINANCIAL_SERVICES,medium,20,244.33333333333334,12,3,15
agneovo.com,8,small,ENERGY,medium,76.33136094674556,32.093023255813954,40,129,169
agneovo.com,8,small,ENERGY,low,66.66666666666667,7,2,4,6
agneovo.com,8,small,ENERGY,high,97.72727272727273,11.63953488372093,2,86,88
agoril.com,12,small,UNKNOWN,low,0,null,1,0,1
agoril.com,12,small,UNKNOWN,medium,0,null,2,0,2
agrimex.be,3,small,RETAIL,high,100,121,0,3,3
agrimex.be,3,small,RETAIL,medium,100,121,0,15,15
agrolmet.pl,2,small,UNKNOWN,medium,0,null,34,0,34
agrolmet.pl,2,small,UNKNOWN,high,0,null,2,0,2
agrolmet.pl,2,small,UNKNOWN,low,0,null,6,0,6
aha.de,16,small,UNKNOWN,low,0,null,5,0,5
aha.de,16,small,UNKNOWN,high,0,null,3,0,3
aha.de,16,small,UNKNOWN,medium,0,null,17,0,17
ahi.org,14,small,PHARMACEUTICAL,medium,0,null,9,0,9
ahi.org,14,small,PHARMACEUTICAL,low,0,null,1,0,1
ahkuban.ru,6,small,FOOD,high,90,202.77777777777777,1,9,10
ahkuban.ru,6,small,FOOD,low,100,205.8,0,5,5
ahkuban.ru,6,small,FOOD,medium,73.80952380952381,223.16129032258064,11,31,42
ahss.org,23115,large,HEALTHCARE,medium,100,59.666666666666664,0,12,12
ahss.org,23115,large,HEALTHCARE,low,100,72,0,1,1
ahss.org,23115,large,HEALTHCARE,high,100,72,0,2,2
ahydro.com,198,medium,MANUFACTURING,medium,42.7536231884058,121.21468926553672,237,177,414
ahydro.com,198,medium,MANUFACTURING,low,45.205479452054796,121,40,33,73
ahydro.com,198,medium,MANUFACTURING,high,24.137931034482758,127.28571428571429,44,14,58
ai-sou.co.jp,6,small,FINANCIAL_SERVICES,medium,100,7,0,2,2
aiachicago.org,14,small,EDUCATION,low,25,71,3,1,4
aiachicago.org,14,small,EDUCATION,medium,25,84.55555555555556,27,9,36
aiachicago.org,14,small,EDUCATION,high,0,null,11,0,11
aicofindia.com,24,small,FOOD,medium,50,117,1,1,2
aiddata.org,20,small,NON_PROFIT,medium,0,null,25,0,25
aiddata.org,20,small,NON_PROFIT,high,0,null,4,0,4
aidhedge.org,13,small,INFORMATION_SERVICES,low,100,7,0,7,7
aidhedge.org,13,small,INFORMATION_SERVICES,high,100,7,0,3,3
aidhedge.org,13,small,INFORMATION_SERVICES,medium,100,7,0,44,44
aidslifecycle.org,18,small,NON_PROFIT,high,66.66666666666667,89.5,2,4,6
aidslifecycle.org,18,small,NON_PROFIT,medium,33.333333333333336,199,24,12,36
aidslifecycle.org,18,small,NON_PROFIT,low,20,7,4,1,5
aiemuyu.co.jp,1,small,UNKNOWN,low,0,null,1,0,1
aiemuyu.co.jp,1,small,UNKNOWN,medium,0,null,2,0,2
aifinyo.de,36,medium,FINANCIAL_SERVICES,medium,0,null,2,0,2
aigindustries.com.cn,34,medium,NON_PROFIT,medium,46.53846153846154,96.08264462809917,139,121,260
aigindustries.com.cn,34,medium,NON_PROFIT,low,33.333333333333336,140.8,20,10,30
aigindustries.com.cn,34,medium,NON_PROFIT,high,54.11764705882353,92.84782608695652,39,46,85
aio.de,2,small,TRANSPORTATION,medium,100,57,0,2,2
aioibkkins.co.th,6,small,FINANCIAL_SERVICES,medium,100,186.33333333333334,0,3,3
aiophosting.com,11,small,UNKNOWN,low,0,null,3,0,3
aiophosting.com,11,small,UNKNOWN,medium,0,null,32,0,32
airalgerie.dz,75,medium,TECHNOLOGY,low,26.666666666666668,13.5,11,4,15
airalgerie.dz,75,medium,TECHNOLOGY,medium,26,15.703296703296703,259,91,350
airalgerie.dz,75,medium,TECHNOLOGY,high,36.994219653179194,13.5,109,64,173
airastana.com,126,medium,FINANCIAL_SERVICES,medium,100,107.8,0,5,5
airbrakecorp.com.au,48,medium,MANUFACTURING,medium,14.074074074074074,103.15789473684211,116,19,135
airbrakecorp.com.au,48,medium,MANUFACTURING,low,5.2631578947368425,91,18,1,19
airbrakecorp.com.au,48,medium,MANUFACTURING,high,0,null,24,0,24
airforce.gc.ca,6,small,GOVERNMENT,medium,100,34.166666666666664,0,6,6
airkenya.com,2,small,UNKNOWN,medium,0,null,18,0,18
airkenya.com,2,small,UNKNOWN,low,0,null,2,0,2
airliquide.com,33894,large,ENERGY,high,74.375,155.63025210084032,41,119,160
airliquide.com,33894,large,ENERGY,medium,79.71360381861575,155.70958083832335,85,334,419
airliquide.com,33894,large,ENERGY,low,64,61.25,9,16,25
airnetgroup.com,78,medium,TECHNOLOGY,medium,0,null,8,0,8
airnetgroup.com,78,medium,TECHNOLOGY,high,0,null,6,0,6
airnov-healthcare.com,52,medium,HEALTHCARE,low,50,151.5,4,4,8
airnov-healthcare.com,52,medium,HEALTHCARE,high,76.19047619047619,92.125,5,16,21
airnov-healthcare.com,52,medium,HEALTHCARE,medium,71.42857142857143,60,6,15,21
airworks.aero,2,small,FINANCIAL_SERVICES,medium,100,108,0,2,2
aisen.co.jp,4,small,UNKNOWN,medium,0,null,22,0,22
aisen.co.jp,4,small,UNKNOWN,high,0,null,2,0,2
aislabs.com,189,medium,UNKNOWN,low,0,null,6,0,6
aislabs.com,189,medium,UNKNOWN,medium,0,null,36,0,36
aislabs.com,189,medium,UNKNOWN,high,0,null,2,0,2
aist.asn.au,14,small,GOVERNMENT,high,100,71,0,1,1
aist.asn.au,14,small,GOVERNMENT,medium,100,156.9090909090909,0,11,11
aist.asn.au,14,small,GOVERNMENT,low,100,71,0,3,3
aistfoundation.org,43,medium,NON_PROFIT,medium,21.73913043478261,103.4,18,5,23
aistfoundation.org,43,medium,NON_PROFIT,high,33.333333333333336,216,2,1,3
aistfoundation.org,43,medium,NON_PROFIT,low,0,null,4,0,4
aiyoucloud.com,7,small,UNKNOWN,medium,0,null,8,0,8
aiyoucloud.com,7,small,UNKNOWN,high,0,null,8,0,8
aiyoucloud.com,7,small,UNKNOWN,low,0,null,8,0,8
ajg-la.com,70053,large,ENTERTAINMENT,high,62.32876712328767,17.373626373626372,55,91,146
ajg-la.com,70053,large,ENTERTAINMENT,medium,62.94326241134752,70.12112676056339,209,355,564
ajg-la.com,70053,large,ENTERTAINMENT,low,48.38709677419355,34,16,15,31
aji-no-chinmi.com.hk,9,small,UNKNOWN,medium,0,null,10,0,10
aji-no-chinmi.com.hk,9,small,UNKNOWN,low,0,null,1,0,1
akordas.lt,76363,large,UNKNOWN,high,0,null,5809,0,5809
akordas.lt,76363,large,UNKNOWN,low,0,null,1680,0,1680
akordas.lt,76363,large,UNKNOWN,medium,0,null,20277,0,20277
akronschools.com,2353,large,EDUCATION,medium,100,45.5,0,28,28
akronschools.com,2353,large,EDUCATION,high,100,45.5,0,2,2
aksoy.com,2,small,MANUFACTURING,medium,100,64,0,5,5
akyurek.com.tr,5,small,ENERGY,medium,100,33.333333333333336,0,3,3
al-elektronik.de,20,small,INFORMATION_SERVICES,medium,71.54471544715447,125.5,35,88,123
al-elektronik.de,20,small,INFORMATION_SERVICES,low,50,7,7,7,14
al-elektronik.de,20,small,INFORMATION_SERVICES,high,50,134.15384615384616,13,13,26
aladin-hamburg.de,7,small,UNKNOWN,high,0,null,3,0,3
aladin-hamburg.de,7,small,UNKNOWN,medium,0,null,4,0,4
aladin-hamburg.de,7,small,UNKNOWN,low,0,null,1,0,1
alameerafood.com,4,small,FOOD,medium,0,null,2,0,2
alan-electronics.de,18,small,RETAIL,medium,7.894736842105263,319.8333333333333,70,6,76
alan-electronics.de,18,small,RETAIL,high,0,null,36,0,36
alan-electronics.de,18,small,RETAIL,low,28.571428571428573,215,5,2,7
alanus.edu,39,medium,UNKNOWN,medium,40.49079754601227,84.43181818181819,194,132,326
alanus.edu,39,medium,UNKNOWN,low,57.77777777777778,40.26923076923077,19,26,45
alanus.edu,39,medium,UNKNOWN,high,51.204819277108435,42.55294117647059,81,85,166
albanysteel.com,35,medium,RETAIL,medium,0,null,2,0,2
albertaharvestcentre.com,3,small,MANUFACTURING,high,66.66666666666667,7,2,4,6
albertaharvestcentre.com,3,small,MANUFACTURING,medium,66.66666666666667,7,11,22,33
alburywodongaorthodontics.com.au,1,small,UNKNOWN,high,0,null,11,0,11
alburywodongaorthodontics.com.au,1,small,UNKNOWN,medium,0,null,26,0,26
alburywodongaorthodontics.com.au,1,small,UNKNOWN,low,0,null,3,0,3
alcantaragroup.com,17,small,FINANCIAL_SERVICES,medium,0,null,4,0,4
alchemylab.net,11,small,GOVERNMENT,high,0,null,9,0,9
alchemylab.net,11,small,GOVERNMENT,medium,0,null,29,0,29
alcoa.com,109997,large,MANUFACTURING,medium,38.079470198675494,90.08695652173913,374,230,604
alcoa.com,109997,large,MANUFACTURING,high,45.56962025316456,91.66666666666667,43,36,79
alcoa.com,109997,large,MANUFACTURING,low,63.63636363636363,28.214285714285715,8,14,22
aldulimanoptics.com,1,small,UNKNOWN,low,0,null,4,0,4
aldulimanoptics.com,1,small,UNKNOWN,medium,0,null,18,0,18
aldulimanoptics.com,1,small,UNKNOWN,high,0,null,1,0,1
alestanet.ru,3333,large,TECHNOLOGY,high,46.391752577319586,24.4,52,45,97
alestanet.ru,3333,large,TECHNOLOGY,low,30.120481927710845,56.8,58,25,83
alestanet.ru,3333,large,TECHNOLOGY,medium,41.642788920725884,63.690366972477065,611,436,1047
alexandria.cz,19,small,INFORMATION_SERVICES,low,0,null,10,0,10
alexandria.cz,19,small,INFORMATION_SERVICES,high,0,null,38,0,38
alexandria.cz,19,small,INFORMATION_SERVICES,medium,6.7114093959731544,610.8,139,10,149
alexmo.com,28,small,MANUFACTURING,medium,100,64.28571428571429,0,14,14
alexmo.com,28,small,MANUFACTURING,low,100,47.5,0,4,4
algojapan.co.jp,2,small,FOOD,medium,0,null,93,0,93
algojapan.co.jp,2,small,FOOD,high,0,null,23,0,23
algojapan.co.jp,2,small,FOOD,low,0,null,9,0,9
algonquinpower.com,22,small,ENERGY,medium,100,177,0,1,1
alhurra.com,824,medium,TECHNOLOGY,high,0,null,9,0,9
alhurra.com,824,medium,TECHNOLOGY,medium,0,null,33,0,33
alhurra.com,824,medium,TECHNOLOGY,low,0,null,6,0,6
alicongroup.co.in,21,small,RETAIL,high,24,7,19,6,25
alicongroup.co.in,21,small,RETAIL,medium,43.07692307692308,7,37,28,65
alicongroup.co.in,21,small,RETAIL,low,0,null,4,0,4
aligncp.com,56,medium,null,medium,0,null,4,0,4
aligncp.com,56,medium,null,high,0,null,4,0,4
aljon.com,1,small,MANUFACTURING,medium,100,28,0,1,1
aljury.com,1,small,INFORMATION_SERVICES,medium,100,44.214285714285715,0,14,14
aljury.com,1,small,INFORMATION_SERVICES,low,100,39,0,2,2
all-makes.com,1,small,RETAIL,medium,19.35483870967742,262,25,6,31
all-makes.com,1,small,RETAIL,high,100,113,0,1,1
all-makes.com,1,small,RETAIL,low,50,113,3,3,6
all-temps.co.uk,1,small,UNKNOWN,high,0,null,2,0,2
all-temps.co.uk,1,small,UNKNOWN,medium,0,null,29,0,29
all-temps.co.uk,1,small,UNKNOWN,low,0,null,5,0,5
allamericansign.com,38,medium,ENTERTAINMENT,medium,100,309.6,0,5,5
allayan.com,4,small,FOOD,medium,100,89,0,1,1
allbloggingtips.com,1,small,INFORMATION_SERVICES,medium,100,118,0,4,4
allcrom.com.br,7,small,TECHNOLOGY,medium,50,170,22,22,44
allcrom.com.br,7,small,TECHNOLOGY,high,50,170,2,2,4
allenandbarbour.com,3,small,RETAIL,high,100,172,0,3,3
allenandbarbour.com,3,small,RETAIL,medium,100,172,0,1,1
allenbycoachhire.co.uk,1,small,UNKNOWN,medium,0,null,27,0,27
allenbycoachhire.co.uk,1,small,UNKNOWN,high,0,null,2,0,2
allenbycoachhire.co.uk,1,small,UNKNOWN,low,0,null,5,0,5
allfundsbank.com,464,medium,FINANCIAL_SERVICES,low,100,175.9090909090909,0,11,11
allfundsbank.com,464,medium,FINANCIAL_SERVICES,medium,91.78082191780823,176.53731343283582,6,67,73
allfundsbank.com,464,medium,FINANCIAL_SERVICES,high,78.94736842105263,192.8,4,15,19
allianceautomotive.co.uk,27,small,MANUFACTURING,medium,58.333333333333336,178.07692307692307,65,91,156
allianceautomotive.co.uk,27,small,MANUFACTURING,high,63.41463414634146,183,15,26,41
allianceautomotive.co.uk,27,small,MANUFACTURING,low,66.66666666666667,187,4,8,12
alliancefr.org,32,medium,EDUCATION,medium,0,null,38,0,38
alliancefr.org,32,medium,EDUCATION,low,0,null,5,0,5
alliancefr.org,32,medium,EDUCATION,high,0,null,1,0,1
allisonandbusby.com,17,small,INFORMATION_SERVICES,high,0,null,6,0,6
allisonandbusby.com,17,small,INFORMATION_SERVICES,medium,0,null,24,0,24
allstate.digital,73650,large,INFORMATION_SERVICES,low,87.09677419354838,15.555555555555555,4,27,31
allstate.digital,73650,large,INFORMATION_SERVICES,medium,86.66666666666667,15.455621301775148,26,169,195
allstate.digital,73650,large,INFORMATION_SERVICES,high,80.76923076923077,12.5,10,42,52
alltel.com.au,286,medium,UNKNOWN,medium,0,null,3,0,3
alltel.com.au,286,medium,UNKNOWN,high,0,null,9,0,9
allweier.com,10,small,INFORMATION_SERVICES,medium,0,null,32,0,32
allweier.com,10,small,INFORMATION_SERVICES,low,0,null,8,0,8
allweier.com,10,small,INFORMATION_SERVICES,high,0,null,24,0,24
allyellowtaxi.com,4,small,UNKNOWN,medium,0,null,10,0,10
allyellowtaxi.com,4,small,UNKNOWN,low,0,null,1,0,1
almorzapp.com,2,small,UNKNOWN,high,0,null,6,0,6
almorzapp.com,2,small,UNKNOWN,medium,0,null,6,0,6
almstedsmarkets.com,50,medium,FOOD,high,100,7,0,2,2
almstedsmarkets.com,50,medium,FOOD,medium,100,7,0,29,29
almstedsmarkets.com,50,medium,FOOD,low,100,7,0,5,5
almy.ba,6,small,UNKNOWN,high,0,null,10,0,10
almy.ba,6,small,UNKNOWN,low,0,null,2,0,2
almy.ba,6,small,UNKNOWN,medium,0,null,30,0,30
alpegagroup.com,22,small,TECHNOLOGY,low,0,null,1,0,1
alpegagroup.com,22,small,TECHNOLOGY,medium,0,null,6,0,6
alpha-chem.co.jp,1,small,UNKNOWN,low,0,null,1,0,1
alpha-chem.co.jp,1,small,UNKNOWN,medium,0,null,2,0,2
alphacan.it,9,small,CONSTRUCTION,medium,100,121,0,1,1
alphanetworks.com,114,medium,MANUFACTURING,high,40,118,3,2,5
alphanetworks.com,114,medium,MANUFACTURING,medium,56.81818181818182,118.08,19,25,44
alphanetworks.com,114,medium,MANUFACTURING,low,50,118,1,1,2
alpinacom.com,4,small,UNKNOWN,high,0,null,3,0,3
alpinacom.com,4,small,UNKNOWN,medium,0,null,6,0,6
alta-resources.com,64,medium,FINANCIAL_SERVICES,low,57.142857142857146,110.25,6,8,14
alta-resources.com,64,medium,FINANCIAL_SERVICES,high,66.66666666666667,129.33333333333334,9,18,27
alta-resources.com,64,medium,FINANCIAL_SERVICES,medium,68.86792452830188,157.73972602739727,33,73,106
altaassociates.com,25,small,FINANCIAL_SERVICES,low,0,null,3,0,3
altaassociates.com,25,small,FINANCIAL_SERVICES,high,0,null,1,0,1
altaassociates.com,25,small,FINANCIAL_SERVICES,medium,0,null,4,0,4
altaformazione.it,32316,large,UNKNOWN,high,0,null,119,0,119
altaformazione.it,32316,large,UNKNOWN,medium,0,null,674,0,674
altaformazione.it,32316,large,UNKNOWN,low,0,null,49,0,49
altamirainmuebles.com,27,small,INFORMATION_SERVICES,medium,100,143.93333333333334,0,15,15
altamirainmuebles.com,27,small,INFORMATION_SERVICES,high,100,186.5,0,2,2
althurayaholdings.com,8,small,UNKNOWN,medium,0,null,34,0,34
althurayaholdings.com,8,small,UNKNOWN,high,0,null,20,0,20
althurayaholdings.com,8,small,UNKNOWN,low,0,null,3,0,3
altitec.no,8,small,RETAIL,medium,0,null,1,0,1
altuscapitalinc.com,17,small,FINANCIAL_SERVICES,medium,100,180,0,1,1
altvater-gmbh.de,4,small,UNKNOWN,high,0,null,6,0,6
altvater-gmbh.de,4,small,UNKNOWN,medium,0,null,8,0,8
altvater-gmbh.de,4,small,UNKNOWN,low,0,null,2,0,2
alu.cn,14,small,TECHNOLOGY,medium,100,12.25,0,4,4
aluminiumcornish.com,24,small,RETAIL,high,0,null,6,0,6
aluminiumcornish.com,24,small,RETAIL,medium,0,null,28,0,28
alumot.co.il,3,small,FINANCIAL_SERVICES,medium,100,83,0,7,7
alumot.co.il,3,small,FINANCIAL_SERVICES,low,100,83,0,1,1
alumot.co.il,3,small,FINANCIAL_SERVICES,high,100,83,0,4,4
alvadaconstruction.com,11,small,CONSTRUCTION,medium,100,157.5,0,2,2
amainfo.at,5,small,UNKNOWN,high,0,null,2,0,2
amainfo.at,5,small,UNKNOWN,low,0,null,1,0,1
amainfo.at,5,small,UNKNOWN,medium,0,null,36,0,36
amanarinet.com.br,1035,large,UNKNOWN,high,0,null,2,0,2
amanarinet.com.br,1035,large,UNKNOWN,medium,0,null,2,0,2
amandacollinsphotography.co.uk,4,small,UNKNOWN,medium,0,null,7,0,7
amandacollinsphotography.co.uk,4,small,UNKNOWN,low,0,null,1,0,1
amandacollinsphotography.co.uk,4,small,UNKNOWN,high,0,null,3,0,3
amark.com,124,medium,MANUFACTURING,high,0,null,9,0,9
amark.com,124,medium,MANUFACTURING,medium,6.451612903225806,246.5,29,2,31
amatiglobal.com,26,small,FINANCIAL_SERVICES,high,16.666666666666668,196,5,1,6
amatiglobal.com,26,small,FINANCIAL_SERVICES,low,0,null,2,0,2
amatiglobal.com,26,small,FINANCIAL_SERVICES,medium,19.23076923076923,196,21,5,26
ambrtools.com,31,medium,HEALTHCARE,low,25,164,3,1,4
ambrtools.com,31,medium,HEALTHCARE,high,66.66666666666667,164,1,2,3
ambrtools.com,31,medium,HEALTHCARE,medium,53.333333333333336,257.75,7,8,15
amc.seoul.kr,51,medium,HOSPITALITY,high,37.5,131.66666666666666,10,6,16
amc.seoul.kr,51,medium,HOSPITALITY,low,40,220,3,2,5
amc.seoul.kr,51,medium,HOSPITALITY,medium,40.21739130434783,194.56756756756758,55,37,92
ame-anlagenbau.de,2,small,UNKNOWN,medium,0,null,4,0,4
ame-anlagenbau.de,2,small,UNKNOWN,low,0,null,1,0,1
ame-anlagenbau.de,2,small,UNKNOWN,high,0,null,3,0,3
americanews.com,12,small,TECHNOLOGY,high,75,7,1,3,4
americanews.com,12,small,TECHNOLOGY,low,50,7,2,2,4
americanews.com,12,small,TECHNOLOGY,medium,91.66666666666667,7,1,11,12
americanfarmersandranchers.com,4,small,FINANCIAL_SERVICES,high,50,26,2,2,4
americanfarmersandranchers.com,4,small,FINANCIAL_SERVICES,medium,50,26,6,6,12
americanfarmersandranchers.com,4,small,FINANCIAL_SERVICES,low,50,26,1,1,2
americanis.net,161695,large,TECHNOLOGY,medium,58.49781659388646,152.29620782323082,23760,33490,57250
americanis.net,161695,large,TECHNOLOGY,high,64.15732508697333,163.38718180448862,7418,13278,20696
americanis.net,161695,large,TECHNOLOGY,low,51.215769593956566,67.59068909887071,4133,4339,8472
americanmachinetools.com,6,small,CONSTRUCTION,medium,90,40.22222222222222,1,9,10
americanmusical.com,610,medium,ENTERTAINMENT,high,50,113,3,3,6
americanmusical.com,610,medium,ENTERTAINMENT,medium,50,132.66666666666666,6,6,12
americanmusical.com,610,medium,ENTERTAINMENT,low,50,113,1,1,2
americanslidechart.com,142,medium,CONSTRUCTION,high,0,null,14,0,14
americanslidechart.com,142,medium,CONSTRUCTION,low,6.666666666666667,7,14,1,15
americanslidechart.com,142,medium,CONSTRUCTION,medium,13.953488372093023,89.5,74,12,86
americantourister.com.hk,19,small,RETAIL,medium,0,null,46,0,46
americantourister.com.hk,19,small,RETAIL,high,0,null,10,0,10
americleaninc.com,52,medium,HEALTHCARE,medium,50,119.75,4,4,8
americleaninc.com,52,medium,HEALTHCARE,high,50,51,1,1,2
americleaninc.com,52,medium,HEALTHCARE,low,50,51,3,3,6
ames.ia.us,292,medium,INFORMATION_SERVICES,medium,100,113.75,0,4,4
ametiq.com,27,small,UNKNOWN,medium,0,null,14,0,14
ametiq.com,27,small,UNKNOWN,high,0,null,3,0,3
amillsvanlinesinc.com,20,small,HEALTHCARE,medium,80,19,1,4,5
amillsvanlinesinc.com,20,small,HEALTHCARE,high,100,19,0,4,4
aminteriors.com,40,medium,MANUFACTURING,high,0,null,24,0,24
aminteriors.com,40,medium,MANUFACTURING,low,0,null,10,0,10
aminteriors.com,40,medium,MANUFACTURING,medium,5.769230769230769,42,49,3,52
amis.nl,41,medium,UNKNOWN,high,0,null,15,0,15
amis.nl,41,medium,UNKNOWN,medium,0,null,30,0,30
amis.nl,41,medium,UNKNOWN,low,0,null,1,0,1
ammincorporated.com,1,small,INFORMATION_SERVICES,high,100,30,0,2,2
ammincorporated.com,1,small,INFORMATION_SERVICES,low,100,30,0,1,1
ammincorporated.com,1,small,INFORMATION_SERVICES,medium,100,30,0,6,6
amodo.eu,13,small,FINANCIAL_SERVICES,medium,4.3478260869565215,7,22,1,23
amodo.eu,13,small,FINANCIAL_SERVICES,high,0,null,2,0,2
amsbach.com.sg,19,small,FINANCIAL_SERVICES,low,0,null,12,0,12
amsbach.com.sg,19,small,FINANCIAL_SERVICES,high,0,null,15,0,15
amsbach.com.sg,19,small,FINANCIAL_SERVICES,medium,2.857142857142857,881,68,2,70
amtek.it,13,small,RETAIL,medium,100,70.75,0,4,4
amvt.com.ar,2,small,UNKNOWN,medium,0,null,2,0,2
amwaylive.com,420,medium,INFORMATION_SERVICES,medium,100,201.33333333333334,0,6,6
anabuki.co.jp,158,medium,CONSTRUCTION,high,0,null,1,0,1
anabuki.co.jp,158,medium,CONSTRUCTION,medium,0,null,8,0,8
anabuki.co.jp,158,medium,CONSTRUCTION,low,0,null,2,0,2
anac.mx,2,small,UNKNOWN,low,0,null,1,0,1
anac.mx,2,small,UNKNOWN,medium,0,null,10,0,10
anasoft.com,5,small,FOOD,medium,100,7,0,1,1
anbiz.com,7,small,ENTERTAINMENT,low,100,32,0,1,1
anbiz.com,7,small,ENTERTAINMENT,high,0,null,2,0,2
anbiz.com,7,small,ENTERTAINMENT,medium,18.42105263157895,54.42857142857143,31,7,38
anchorpumps.com,11,small,ENTERTAINMENT,medium,0,null,3,0,3
anchorpumps.com,11,small,ENTERTAINMENT,high,0,null,2,0,2
ancientpurity.com,4,small,UNKNOWN,medium,0,null,1,0,1
ancientpurity.com,4,small,UNKNOWN,low,0,null,2,0,2
ancientpurity.com,4,small,UNKNOWN,high,0,null,1,0,1
andersenservices.com,36,medium,UNKNOWN,medium,0,null,5,0,5
andersenservices.com,36,medium,UNKNOWN,high,0,null,1,0,1
andersonandassociates.co.uk,1,small,CONSTRUCTION,medium,59.57446808510638,157.42857142857142,19,28,47
andersonandassociates.co.uk,1,small,CONSTRUCTION,low,75,93,2,6,8
andersonandassociates.co.uk,1,small,CONSTRUCTION,high,100,119.33333333333333,0,12,12
andersondevelopment.com,17,small,TECHNOLOGY,low,40,7,3,2,5
andersondevelopment.com,17,small,TECHNOLOGY,medium,32.432432432432435,7,25,12,37
andon.com,30,small,TELECOMMUNICATIONS,medium,100,65,0,3,3
andorralavella.ad,11,small,UNKNOWN,medium,100,51.421052631578945,0,38,38
andorralavella.ad,11,small,UNKNOWN,high,100,57.125,0,24,24
andorralavella.ad,11,small,UNKNOWN,low,100,53.111111111111114,0,9,9
andysirkin.com,3,small,FINANCIAL_SERVICES,medium,0,null,6,0,6
andysirkin.com,3,small,FINANCIAL_SERVICES,high,0,null,14,0,14
andysirkin.com,3,small,FINANCIAL_SERVICES,low,0,null,3,0,3
anefi.com.ec,5,small,UNKNOWN,low,0,null,1,0,1
anefi.com.ec,5,small,UNKNOWN,medium,0,null,10,0,10
anelli.it,6,small,RETAIL,high,0,null,12,0,12
anelli.it,6,small,RETAIL,medium,0,null,25,0,25
anelli.it,6,small,RETAIL,low,0,null,5,0,5
anet.ee,4,small,INFORMATION_SERVICES,low,26.666666666666668,7,11,4,15
anet.ee,4,small,INFORMATION_SERVICES,medium,19.607843137254903,7,41,10,51
anet.ee,4,small,INFORMATION_SERVICES,high,55.55555555555556,7,4,5,9
angeldough.com,35,medium,TECHNOLOGY,high,100,92,0,2,2
angeldough.com,35,medium,TECHNOLOGY,low,100,92,0,5,5
angeldough.com,35,medium,TECHNOLOGY,medium,100,92,0,27,27
anglers.jp,24,small,UNKNOWN,medium,0,null,3,0,3
angolatelecom.ao,33,medium,TELECOMMUNICATIONS,high,6.521739130434782,119,43,3,46
angolatelecom.ao,33,medium,TELECOMMUNICATIONS,low,0,null,11,0,11
angolatelecom.ao,33,medium,TELECOMMUNICATIONS,medium,8.49673202614379,124.6923076923077,140,13,153
angostura.com,8,small,FOOD,medium,16.666666666666668,203.5,20,4,24
angostura.com,8,small,FOOD,low,0,null,3,0,3
animalsindistresspa.org,1,small,HEALTHCARE,high,0,null,2,0,2
animalsindistresspa.org,1,small,HEALTHCARE,medium,0,null,24,0,24
animalsindistresspa.org,1,small,HEALTHCARE,low,0,null,4,0,4
animeonline.su,11,small,ENTERTAINMENT,high,0,null,2,0,2
animeonline.su,11,small,ENTERTAINMENT,medium,45.45454545454545,82,6,5,11
animeonline.su,11,small,ENTERTAINMENT,low,33.333333333333336,82,2,1,3
ankama.com,369,medium,MANUFACTURING,medium,69.44444444444444,188.45,44,100,144
ankama.com,369,medium,MANUFACTURING,low,100,184.33333333333334,0,6,6
ankama.com,369,medium,MANUFACTURING,high,70.37037037037037,164.78947368421052,8,19,27
annacori.com,5,small,RETAIL,medium,0,null,1,0,1
annwyllie.edu.hk,7,small,EDUCATION,medium,2.380952380952381,112,41,1,42
annwyllie.edu.hk,7,small,EDUCATION,high,25,112,9,3,12
annwyllie.edu.hk,7,small,EDUCATION,low,0,null,8,0,8
answerone.us,455,medium,FINANCIAL_SERVICES,low,33.333333333333336,144.57142857142858,14,7,21
answerone.us,455,medium,FINANCIAL_SERVICES,high,7.894736842105263,194.91666666666666,140,12,152
answerone.us,455,medium,FINANCIAL_SERVICES,medium,17.971014492753625,202.25806451612902,283,62,345
antas-sealant.com,1,small,TECHNOLOGY,high,40,7,3,2,5
antas-sealant.com,1,small,TECHNOLOGY,medium,47.2972972972973,7,39,35,74
antas-sealant.com,1,small,TECHNOLOGY,low,38.46153846153846,7,8,5,13
antepsan.com,1,small,UNKNOWN,high,0,null,11,0,11
antepsan.com,1,small,UNKNOWN,medium,0,null,19,0,19
antepsan.com,1,small,UNKNOWN,low,0,null,2,0,2
antibodysociety.org,5,small,INFORMATION_SERVICES,medium,50,138.5,22,22,44
antibodysociety.org,5,small,INFORMATION_SERVICES,high,50,138.5,2,2,4
antvklik.com,12,small,INFORMATION_SERVICES,high,0,null,18,0,18
antvklik.com,12,small,INFORMATION_SERVICES,medium,0,null,78,0,78
antvklik.com,12,small,INFORMATION_SERVICES,low,0,null,6,0,6
anu.edu.au,132807,large,EDUCATION,medium,31.73344319703368,108.85686465433301,6628,3081,9709
anu.edu.au,132807,large,EDUCATION,high,26.990419557317477,120.19461444308446,2210,817,3027
anu.edu.au,132807,large,EDUCATION,low,54.11522633744856,79.97528517110266,446,526,972
anwaltakademie.de,7,small,EDUCATION,low,50,189,1,1,2
anwaltakademie.de,7,small,EDUCATION,high,37.5,189,5,3,8
anwaltakademie.de,7,small,EDUCATION,medium,13.333333333333334,189,26,4,30
aomsa.com.ar,3,small,UNKNOWN,high,0,null,7,0,7
aomsa.com.ar,3,small,UNKNOWN,medium,0,null,7,0,7
aonong.com.cn,13,small,RETAIL,high,50,117,2,2,4
aonong.com.cn,13,small,RETAIL,medium,50,117,3,3,6
aoyamahanamohonten.jp,973,medium,UNKNOWN,high,6.130268199233717,22.1875,245,16,261
aoyamahanamohonten.jp,973,medium,UNKNOWN,medium,6.992230854605993,57.06349206349206,838,63,901
aoyamahanamohonten.jp,973,medium,UNKNOWN,low,5.031446540880503,50.875,151,8,159
apache.com,6,small,TECHNOLOGY,high,0,null,11,0,11
apache.com,6,small,TECHNOLOGY,low,0,null,2,0,2
apache.com,6,small,TECHNOLOGY,medium,20,213.2,20,5,25
apautoparts.com,4,small,TECHNOLOGY,medium,100,60,0,3,3
apellaadvisors.com,9,small,LEGAL,medium,52.75590551181102,18.850746268656717,60,67,127
apellaadvisors.com,9,small,LEGAL,high,52.38095238095238,7,30,33,63
apexvideomarketing.com,4,small,UNKNOWN,high,0,null,1,0,1
apexvideomarketing.com,4,small,UNKNOWN,low,0,null,2,0,2
apexvideomarketing.com,4,small,UNKNOWN,medium,0,null,1,0,1
apglory.net,8,small,UNKNOWN,high,100,132,0,1,1
apglory.net,8,small,UNKNOWN,low,100,132,0,3,3
apglory.net,8,small,UNKNOWN,medium,100,319.75,0,4,4
api-digital.com,9394,large,TECHNOLOGY,low,22.727272727272727,102.4,34,10,44
api-digital.com,9394,large,TECHNOLOGY,high,6.015037593984962,176.75,250,16,266
api-digital.com,9394,large,TECHNOLOGY,medium,10.315186246418339,198.95833333333334,626,72,698
api.net.au,82,medium,HEALTHCARE,medium,100,204.5,0,4,4
apicrypt.org,297,medium,UNKNOWN,low,0,null,1,0,1
apicrypt.org,297,medium,UNKNOWN,medium,0,null,49,0,49
apicrypt.org,297,medium,UNKNOWN,high,0,null,14,0,14
apjaccountancy.com,2,small,UNKNOWN,medium,0,null,4,0,4
apjaccountancy.com,2,small,UNKNOWN,high,0,null,1,0,1
apjaccountancy.com,2,small,UNKNOWN,low,0,null,3,0,3
aplicom.com,58,medium,UNKNOWN,medium,0,null,21,0,21
aplicom.com,58,medium,UNKNOWN,low,0,null,1,0,1
aplicom.com,58,medium,UNKNOWN,high,0,null,7,0,7
apmportland.com,17,small,UNKNOWN,high,0,null,22,0,22
apmportland.com,17,small,UNKNOWN,medium,0,null,38,0,38
apmportland.com,17,small,UNKNOWN,low,0,null,4,0,4
apmwineinvestment.co.uk,1,small,UNKNOWN,medium,0,null,39,0,39
apmwineinvestment.co.uk,1,small,UNKNOWN,low,0,null,7,0,7
apmwineinvestment.co.uk,1,small,UNKNOWN,high,0,null,3,0,3
apoex.se,82,medium,PHARMACEUTICAL,high,94.44444444444444,94.29411764705883,1,17,18
apoex.se,82,medium,PHARMACEUTICAL,medium,86.95652173913044,47.2,3,20,23
apoex.se,82,medium,PHARMACEUTICAL,low,60,113,2,3,5
apofraxeisathinas-noe.gr,1,small,CONSTRUCTION,low,0,null,1,0,1
apofraxeisathinas-noe.gr,1,small,CONSTRUCTION,high,0,null,7,0,7
apofraxeisathinas-noe.gr,1,small,CONSTRUCTION,medium,0,null,12,0,12
apolloprogram.io,6,small,TECHNOLOGY,medium,100,7,0,2,2
apolloprogram.io,6,small,TECHNOLOGY,high,100,7,0,2,2
appai.org.br,234,medium,UNKNOWN,medium,0,null,12,0,12
appai.org.br,234,medium,UNKNOWN,low,0,null,1,0,1
appai.org.br,234,medium,UNKNOWN,high,0,null,4,0,4
appkits.com,5,small,INFORMATION_SERVICES,medium,100,62,0,6,6
appkits.com,5,small,INFORMATION_SERVICES,low,100,62,0,1,1
applift.com,106,medium,INFORMATION_SERVICES,medium,48.97959183673469,84.91666666666667,25,24,49
applift.com,106,medium,INFORMATION_SERVICES,high,31.818181818181817,168.14285714285714,15,7,22
applift.com,106,medium,INFORMATION_SERVICES,low,50,101,1,1,2
approfessional.com,2,small,EDUCATION,medium,100,7,0,30,30
approfessional.com,2,small,EDUCATION,low,100,7,0,6,6
approfessional.com,2,small,EDUCATION,high,100,7,0,2,2
apptutorapps.com,1,small,UNKNOWN,high,0,null,9,0,9
apptutorapps.com,1,small,UNKNOWN,medium,0,null,28,0,28
apptutorapps.com,1,small,UNKNOWN,low,0,null,1,0,1
apre.it,25,small,EDUCATION,high,50,91,1,1,2
apre.it,25,small,EDUCATION,medium,50,291,14,14,28
aprs.scot,2,small,UNKNOWN,low,0,null,1,0,1
aprs.scot,2,small,UNKNOWN,medium,0,null,8,0,8
apticallc.com,8,small,TECHNOLOGY,high,100,36,0,4,4
apticallc.com,8,small,TECHNOLOGY,low,100,36,0,20,20
apticallc.com,8,small,TECHNOLOGY,medium,100,36,0,80,80
apuestasdemurcia.es,13,small,UNKNOWN,low,0,null,13,0,13
apuestasdemurcia.es,13,small,UNKNOWN,high,0,null,2,0,2
apuestasdemurcia.es,13,small,UNKNOWN,medium,0,null,41,0,41
apz-mkk.de,150131,large,UNKNOWN,low,0,null,588,0,588
apz-mkk.de,150131,large,UNKNOWN,high,0,null,1463,0,1463
apz-mkk.de,150131,large,UNKNOWN,medium,0,null,3428,0,3428
aqityresearch.com,30,small,INFORMATION_SERVICES,medium,100,120,0,1,1
aquafit.es,3,small,UNKNOWN,medium,0,null,6,0,6
aquafit.es,3,small,UNKNOWN,low,0,null,1,0,1
aqueossubsea.com,50,medium,CONSTRUCTION,medium,100,59,0,2,2
ar-system.co.jp,8,small,UNKNOWN,medium,0,null,28,0,28
ar-system.co.jp,8,small,UNKNOWN,high,0,null,2,0,2
arabam.com,103,medium,MANUFACTURING,medium,78.57142857142857,37,3,11,14
arabam.com,103,medium,MANUFACTURING,high,0,null,2,0,2
arabiandate.com,1226,large,TECHNOLOGY,high,0,null,6,0,6
arabiandate.com,1226,large,TECHNOLOGY,medium,0,null,6,0,6
arabianhorses.org,36,medium,GOVERNMENT,low,0,null,4,0,4
arabianhorses.org,36,medium,GOVERNMENT,high,0,null,66,0,66
arabianhorses.org,36,medium,GOVERNMENT,medium,0,null,112,0,112
arabic-media.com,24,small,INFORMATION_SERVICES,high,0,null,1,0,1
arabic-media.com,24,small,INFORMATION_SERVICES,medium,0,null,6,0,6
arabic-media.com,24,small,INFORMATION_SERVICES,low,0,null,3,0,3
arageek.com,5,small,INFORMATION_SERVICES,low,0,null,5,0,5
arageek.com,5,small,INFORMATION_SERVICES,high,28.571428571428573,151.5,10,4,14
arageek.com,5,small,INFORMATION_SERVICES,medium,9.75609756097561,151.5,37,4,41
aramajapan.com,4,small,UNKNOWN,high,0,null,6,0,6
aramajapan.com,4,small,UNKNOWN,medium,0,null,28,0,28
aramark.de,34,medium,RETAIL,high,25,51,3,1,4
aramark.de,34,medium,RETAIL,low,25,51,6,2,8
aramark.de,34,medium,RETAIL,medium,50,88.66666666666667,3,3,6
aramea-ag.de,12,small,FINANCIAL_SERVICES,medium,100,83,0,4,4
aranjinresources.com,278,medium,MANUFACTURING,medium,45.70858283433134,106.19213973799127,272,229,501
aranjinresources.com,278,medium,MANUFACTURING,low,51.111111111111114,69.30434782608695,22,23,45
aranjinresources.com,278,medium,MANUFACTURING,high,34.78260869565217,104.23214285714286,105,56,161
arc-media.co.uk,3,small,UNKNOWN,medium,0,null,2,0,2
arc-media.co.uk,3,small,UNKNOWN,low,0,null,1,0,1
arcadiapublishing.com,66,medium,ENTERTAINMENT,medium,100,90.5,0,8,8
archibald.design,5,small,CONSTRUCTION,medium,32.432432432432435,7,25,12,37
archibald.design,5,small,CONSTRUCTION,low,40,7,3,2,5
archiemd.com,15,small,TECHNOLOGY,low,75,7,1,3,4
archiemd.com,15,small,TECHNOLOGY,medium,69.23076923076923,7,8,18,26
archimatetool.com,2,small,TECHNOLOGY,medium,100,172,0,1,1
archimatetool.com,2,small,TECHNOLOGY,high,100,172,0,3,3
archimedia.it,50,medium,UNKNOWN,high,0,null,18,0,18
archimedia.it,50,medium,UNKNOWN,low,0,null,4,0,4
archimedia.it,50,medium,UNKNOWN,medium,0,null,39,0,39
archiv.co.il,8,small,MANUFACTURING,medium,100,92,0,2,2
archives.gov,8862,large,GOVERNMENT,high,90,21.244444444444444,5,45,50
archives.gov,8862,large,GOVERNMENT,medium,89.14285714285714,22.291666666666668,76,624,700
archives.gov,8862,large,GOVERNMENT,low,50,51,1,1,2
ard-com.fr,1105,large,TECHNOLOGY,high,8.8,7,114,11,125
ard-com.fr,1105,large,TECHNOLOGY,medium,11.139896373056995,7,343,43,386
ard-com.fr,1105,large,TECHNOLOGY,low,25.49019607843137,7,76,26,102
arec-f.jp,2,small,UNKNOWN,medium,100,38,0,16,16
arec-f.jp,2,small,UNKNOWN,high,100,38,0,2,2
arec-f.jp,2,small,UNKNOWN,low,100,38,0,4,4
arenaca.com,19,small,FINANCIAL_SERVICES,low,40,7,3,2,5
arenaca.com,19,small,FINANCIAL_SERVICES,medium,32.432432432432435,7,25,12,37
arensco.com,1,small,CONSTRUCTION,low,0,null,1,0,1
arensco.com,1,small,CONSTRUCTION,medium,0,null,12,0,12
argylesg.com,11,small,TECHNOLOGY,low,0,null,1,0,1
argylesg.com,11,small,TECHNOLOGY,medium,0,null,6,0,6
ariane.info,1104,large,UNKNOWN,low,0,null,20,0,20
ariane.info,1104,large,UNKNOWN,high,0,null,202,0,202
ariane.info,1104,large,UNKNOWN,medium,0,null,399,0,399
ariannaled.com,2,small,UNKNOWN,medium,0,null,29,0,29
ariannaled.com,2,small,UNKNOWN,low,0,null,7,0,7
ariannaled.com,2,small,UNKNOWN,high,0,null,3,0,3
ariant-agro.ru,9,small,UNKNOWN,medium,0,null,3,0,3
ariant-agro.ru,9,small,UNKNOWN,high,0,null,2,0,2
ariba.info,5903,large,UNKNOWN,low,0,null,14,0,14
ariba.info,5903,large,UNKNOWN,high,0,null,14,0,14
ariseinnovation.co.jp,5,small,FINANCIAL_SERVICES,high,0,null,4,0,4
ariseinnovation.co.jp,5,small,FINANCIAL_SERVICES,medium,4.3478260869565215,801,22,1,23
arizonapipeline.com,120,medium,CONSTRUCTION,low,66.66666666666667,8.5,4,8,12
arizonapipeline.com,120,medium,CONSTRUCTION,high,66.66666666666667,8.5,5,10,15
arizonapipeline.com,120,medium,CONSTRUCTION,medium,66.66666666666667,8.5,10,20,30
arkan.ru,18,small,UNKNOWN,medium,0,null,2,0,2
arkan.ru,18,small,UNKNOWN,low,0,null,1,0,1
arkasotomotiv.com.tr,4,small,UNKNOWN,medium,0,null,6,0,6
arkasotomotiv.com.tr,4,small,UNKNOWN,low,0,null,1,0,1
arkcommercialroofing.com,36,medium,CONSTRUCTION,medium,66.66666666666667,53.25,4,8,12
arkcommercialroofing.com,36,medium,CONSTRUCTION,high,66.66666666666667,28.5,1,2,3
arkcommercialroofing.com,36,medium,CONSTRUCTION,low,66.66666666666667,28.5,3,6,9
arkdesign.cn,5,small,CONSTRUCTION,high,50,59,2,2,4
arkdesign.cn,5,small,CONSTRUCTION,low,100,71,0,1,1
arkdesign.cn,5,small,CONSTRUCTION,medium,75,67,3,9,12
arkenstonefinancial.com,1,small,UNKNOWN,low,0,null,8,0,8
arkenstonefinancial.com,1,small,UNKNOWN,high,0,null,13,0,13
arkenstonefinancial.com,1,small,UNKNOWN,medium,0,null,29,0,29
arkhiz.ru,1,small,FOOD,low,0,null,1,0,1
arkhiz.ru,1,small,FOOD,high,0,null,2,0,2
arkhiz.ru,1,small,FOOD,medium,0,null,9,0,9
armenianchurch.org,6,small,ENTERTAINMENT,medium,60,35.333333333333336,4,6,10
armenianchurch.org,6,small,ENTERTAINMENT,high,60,35.333333333333336,4,6,10
armsreach.com,8,small,UNKNOWN,medium,0,null,18,0,18
armsreach.com,8,small,UNKNOWN,high,0,null,1,0,1
armsreach.com,8,small,UNKNOWN,low,0,null,1,0,1
armstrongs.bw,541,medium,LEGAL,medium,30.41958041958042,98.20114942528735,398,174,572
armstrongs.bw,541,medium,LEGAL,low,34.375,56.45454545454545,21,11,32
armstrongs.bw,541,medium,LEGAL,high,32.330827067669176,88.53488372093024,90,43,133
arnolds-sausage.com,5,small,FOOD,medium,0,null,14,0,14
arnolds-sausage.com,5,small,FOOD,high,0,null,3,0,3
arnstaedter-verzahnungstechnik.de,1,small,UNKNOWN,medium,0,null,5,0,5
arox.jp,1,small,UNKNOWN,medium,0,null,2,0,2
arox.jp,1,small,UNKNOWN,low,0,null,1,0,1
ars-edge.co.jp,1,small,UNKNOWN,medium,100,801,0,1,1
art-japan.co.jp,2,small,NON_PROFIT,low,50,51,1,1,2
art-japan.co.jp,2,small,NON_PROFIT,medium,15,51,34,6,40
art-japan.co.jp,2,small,NON_PROFIT,high,0,null,2,0,2
artcom.pl,16275,large,UNKNOWN,medium,0,null,9,0,9
artcom.pl,16275,large,UNKNOWN,low,0,null,4,0,4
artcom.pl,16275,large,UNKNOWN,high,0,null,12,0,12
arteradio.com,132,medium,ENTERTAINMENT,low,0,null,2,0,2
arteradio.com,132,medium,ENTERTAINMENT,medium,0,null,100,0,100
arteradio.com,132,medium,ENTERTAINMENT,high,0,null,26,0,26
artgallery.sa.gov.au,6,small,UNKNOWN,high,0,null,2,0,2
artgallery.sa.gov.au,6,small,UNKNOWN,low,0,null,1,0,1
artgallery.sa.gov.au,6,small,UNKNOWN,medium,0,null,11,0,11
arthrosis.gr,9,small,UNKNOWN,high,0,null,6,0,6
arthrosis.gr,9,small,UNKNOWN,medium,0,null,8,0,8
arthrosis.gr,9,small,UNKNOWN,low,0,null,2,0,2
artisanaz.com,6,small,FINANCIAL_SERVICES,high,0,null,1,0,1
artisanaz.com,6,small,FINANCIAL_SERVICES,medium,0,null,29,0,29
artisanaz.com,6,small,FINANCIAL_SERVICES,low,0,null,1,0,1
artossinc.com,3,small,INFORMATION_SERVICES,low,100,71,0,1,1
artossinc.com,3,small,INFORMATION_SERVICES,medium,100,91.85714285714286,0,7,7
artpresto.co.jp,9,small,UNKNOWN,high,36.36363636363637,7,7,4,11
artpresto.co.jp,9,small,UNKNOWN,low,0,null,4,0,4
artpresto.co.jp,9,small,UNKNOWN,medium,16.27906976744186,7,36,7,43
arturoarauz.com,26,small,TECHNOLOGY,medium,100,79,0,7,7
arturoarauz.com,26,small,TECHNOLOGY,low,100,91,0,1,1
arvinschools.com,77,medium,EDUCATION,high,100,90.75,0,8,8
arvinschools.com,77,medium,EDUCATION,medium,100,413.5,0,16,16
arwag.at,108,medium,UNKNOWN,medium,0,null,12,0,12
arwag.at,108,medium,UNKNOWN,high,0,null,8,0,8
arwag.at,108,medium,UNKNOWN,low,0,null,4,0,4
ascendnano.com,723,medium,UNKNOWN,medium,0,null,780,0,780
ascendnano.com,723,medium,UNKNOWN,high,0,null,214,0,214
ascendnano.com,723,medium,UNKNOWN,low,0,null,50,0,50
ascon.co.jp,51,medium,FINANCIAL_SERVICES,medium,5.904059040590406,165.375,255,16,271
ascon.co.jp,51,medium,FINANCIAL_SERVICES,high,3.0927835051546393,92,94,3,97
ascon.co.jp,51,medium,FINANCIAL_SERVICES,low,0,null,22,0,22
asdlighting.com,48,medium,ENTERTAINMENT,high,100,198,0,4,4
asdlighting.com,48,medium,ENTERTAINMENT,medium,100,328.25,0,24,24
ashornehill.co.uk,48,medium,EDUCATION,medium,100,178,0,2,2
asiapay.com,274,medium,FINANCIAL_SERVICES,low,100,71,0,1,1
asiapay.com,274,medium,FINANCIAL_SERVICES,high,100,71,0,1,1
asiapay.com,274,medium,FINANCIAL_SERVICES,medium,24.137931034482758,71,22,7,29
asmpt.com,351,medium,INFORMATION_SERVICES,low,100,7,0,4,4
asmpt.com,351,medium,INFORMATION_SERVICES,medium,100,31.833333333333332,0,6,6
asmpt.com,351,medium,INFORMATION_SERVICES,high,100,7,0,5,5
asogem.be,3,small,HOSPITALITY,high,0,null,3,0,3
asogem.be,3,small,HOSPITALITY,medium,0,null,42,0,42
aspecthealth.com,3,small,HEALTHCARE,low,100,31,0,1,1
aspecthealth.com,3,small,HEALTHCARE,medium,100,31,0,6,6
aspexeyewear.com,22,small,MANUFACTURING,medium,3.3333333333333335,60,58,2,60
aspexeyewear.com,22,small,MANUFACTURING,high,0,null,56,0,56
aspexeyewear.com,22,small,MANUFACTURING,low,0,null,1,0,1
aspirations-support.co.uk,5,small,UNKNOWN,high,0,null,3,0,3
aspirations-support.co.uk,5,small,UNKNOWN,medium,0,null,4,0,4
aspirations-support.co.uk,5,small,UNKNOWN,low,0,null,1,0,1
aspirehr.com,24,small,INFORMATION_SERVICES,low,100,152.5,0,2,2
aspirehr.com,24,small,INFORMATION_SERVICES,medium,100,148.26666666666668,0,15,15
aspyra.com,23,small,HEALTHCARE,medium,100,178,0,2,2
assarent.co.id,8,small,HOSPITALITY,medium,2.1739130434782608,176,45,1,46
assarent.co.id,8,small,HOSPITALITY,low,null,null,0,0,0
assarent.co.id,8,small,HOSPITALITY,high,0,null,11,0,11
assoce.fr,1,small,FINANCIAL_SERVICES,low,0,null,1,0,1
assoce.fr,1,small,FINANCIAL_SERVICES,medium,0,null,34,0,34
assoce.fr,1,small,FINANCIAL_SERVICES,high,0,null,2,0,2
assoimprenditori.bz.it,19,small,FINANCIAL_SERVICES,medium,100,176,0,1,1
assure.co,166,medium,UNKNOWN,high,0,null,9,0,9
assure.co,166,medium,UNKNOWN,low,0,null,1,0,1
assure.co,166,medium,UNKNOWN,medium,0,null,21,0,21
assurup.com,49,medium,FINANCIAL_SERVICES,medium,72,75.58333333333333,14,36,50
assurup.com,49,medium,FINANCIAL_SERVICES,high,71.42857142857143,76.7,8,20,28
astraia.com,13,small,ENTERTAINMENT,low,88.23529411764706,136.33333333333334,2,15,17
astraia.com,13,small,ENTERTAINMENT,medium,53.374233128834355,210.80459770114942,76,87,163
astraia.com,13,small,ENTERTAINMENT,high,50,147.11111111111111,18,18,36
astrasig.ro,515,medium,FINANCIAL_SERVICES,low,28,7,18,7,25
astrasig.ro,515,medium,FINANCIAL_SERVICES,high,6.741573033707865,7,83,6,89
astrasig.ro,515,medium,FINANCIAL_SERVICES,medium,5.660377358490566,76,200,12,212
at3tactical.com,4,small,UNKNOWN,high,0,null,2,0,2
at3tactical.com,4,small,UNKNOWN,medium,0,null,2,0,2
ataglance.com,1494,large,FINANCIAL_SERVICES,low,14.285714285714286,224,6,1,7
ataglance.com,1494,large,FINANCIAL_SERVICES,high,22.580645161290324,175.28571428571428,24,7,31
ataglance.com,1494,large,FINANCIAL_SERVICES,medium,47.407407407407405,149.359375,71,64,135
ati-interco.fr,6,small,ENERGY,medium,91.17647058823529,341.2903225806452,6,62,68
ati-interco.fr,6,small,ENERGY,high,100,365.4166666666667,0,12,12
ati-interco.fr,6,small,ENERGY,low,66.66666666666667,197,1,2,3
atl-data.com,1,small,UNKNOWN,high,0,null,1,0,1
atl-data.com,1,small,UNKNOWN,medium,0,null,6,0,6
atl-data.com,1,small,UNKNOWN,low,0,null,3,0,3
atlanteam.com,111,medium,UNKNOWN,medium,0,null,28,0,28
atlanteam.com,111,medium,UNKNOWN,high,0,null,9,0,9
atlanteam.com,111,medium,UNKNOWN,low,0,null,1,0,1
atlanticmarineassociates.com,16,small,UNKNOWN,low,0,null,3,0,3
atlanticmarineassociates.com,16,small,UNKNOWN,medium,0,null,22,0,22
atlanticmarineassociates.com,16,small,UNKNOWN,high,0,null,1,0,1
atlasiron.com.au,18,small,MANUFACTURING,medium,100,61,0,11,11
atlasiron.com.au,18,small,MANUFACTURING,high,100,61,0,1,1
atmosphere.it,2,small,INFORMATION_SERVICES,medium,75,61,2,6,8
atmosphere.it,2,small,INFORMATION_SERVICES,low,100,61,0,1,1
atmosphere.it,2,small,INFORMATION_SERVICES,high,0,null,2,0,2
atomic.vc,7,small,TECHNOLOGY,low,0,null,1,0,1
atomic.vc,7,small,TECHNOLOGY,medium,0,null,18,0,18
atomic.vc,7,small,TECHNOLOGY,high,0,null,5,0,5
atomodiagnostics.com,14,small,TECHNOLOGY,medium,0,null,46,0,46
atomodiagnostics.com,14,small,TECHNOLOGY,low,0,null,1,0,1
atomodiagnostics.com,14,small,TECHNOLOGY,high,0,null,26,0,26
atp.dk,228,medium,INFORMATION_SERVICES,low,0,null,2,0,2
atp.dk,228,medium,INFORMATION_SERVICES,high,0,null,1,0,1
atp.dk,228,medium,INFORMATION_SERVICES,medium,50,791,1,1,2
atsclimate.com,22,small,UNKNOWN,medium,0,null,141,0,141
atsclimate.com,22,small,UNKNOWN,high,0,null,11,0,11
atsclimate.com,22,small,UNKNOWN,low,0,null,45,0,45
atsi-tester.com,3,small,TRANSPORTATION,low,0,null,12,0,12
atsi-tester.com,3,small,TRANSPORTATION,medium,0,null,263,0,263
atsi-tester.com,3,small,TRANSPORTATION,high,0,null,146,0,146
attala.k12.ms.us,14,small,HEALTHCARE,high,0,null,5,0,5
attala.k12.ms.us,14,small,HEALTHCARE,medium,0,null,23,0,23
au-fil-du-temps.com,5,small,HOSPITALITY,high,95,61.73684210526316,1,19,20
au-fil-du-temps.com,5,small,HOSPITALITY,medium,81.9047619047619,34.96511627906977,19,86,105
au-fil-du-temps.com,5,small,HOSPITALITY,low,83.33333333333333,37.333333333333336,3,15,18
auburncc.org,59,medium,FINANCIAL_SERVICES,high,25,383.4594594594595,222,74,296
auburncc.org,59,medium,FINANCIAL_SERVICES,low,25,319.3333333333333,27,9,36
auburncc.org,59,medium,FINANCIAL_SERVICES,medium,25.405405405405407,351.8936170212766,276,94,370
auctionmobility.com,303,medium,CONSTRUCTION,low,30.357142857142858,113.3529411764706,39,17,56
auctionmobility.com,303,medium,CONSTRUCTION,medium,30.232558139534884,94.6298076923077,480,208,688
auctionmobility.com,303,medium,CONSTRUCTION,high,30.48780487804878,82.31,228,100,328
audioanalytic.com,25,small,TECHNOLOGY,medium,0,null,15,0,15
audioanalytic.com,25,small,TECHNOLOGY,low,0,null,2,0,2
audioanalytic.com,25,small,TECHNOLOGY,high,0,null,7,0,7
audleyvillages.co.uk,17,small,ENERGY,medium,100,29,0,2,2
augmento.ai,4,small,UNKNOWN,low,0,null,1,0,1
augmento.ai,4,small,UNKNOWN,medium,0,null,6,0,6
aumbiosciences.com,1,small,ENTERTAINMENT,medium,100,139.5,0,6,6
aumbiosciences.com,1,small,ENTERTAINMENT,low,100,71,0,3,3
aumbiosciences.com,1,small,ENTERTAINMENT,high,100,71,0,1,1
auparfum.com,3,small,INFORMATION_SERVICES,medium,0,null,24,0,24
auparfum.com,3,small,INFORMATION_SERVICES,high,0,null,6,0,6
